gene_id	chrom	pos	ref	alt	region_type	popEVE	EVE	ESM1v
ENSG00000186092.7	chr1	65518	A	T	splice	.	.	.
ENSG00000186092.7	chr1	65549	G	T	UTR	.	.	.
ENSG00000186092.7	chr1	65565	A	T	start	-4.123	5.352	-4.122
ENSG00000186092.7	chr1	65569	A	T	exon	-4.235	8.667	-0.983
ENSG00000186092.7	chr1	65585	C	A	intron	.	.	.
ENSG00000186092.7	chr1	65585	C	A	intron	.	.	.
ENSG00000186092.7	chr1	69175	G	T	exon	.	.	.
ENSG00000186092.7	chr1	69181	AT	A	exon	.	.	.
ENSG00000186092.7	chr1	69402	G	A	exon	.	.	.
ENSG00000186092.7	chr1	69486	C	A	exon	-3.093	-1.77	1.909
ENSG00000186092.7	chr1	69552	G	GGAC	exon	.	.	.
