gene_id	ensembl_gene_id	chrom	pos	ref	alt	symbol	hgnc_id	altprop_child	study	flags	id
ENSG00000187634.13	ENSG00000187634	chr1	935836	G	A	SAMD11	HGNC:28706	0.470588235	newGDX	published_in_31k	64285
ENSG00000187634.13	ENSG00000187634	chr1	942482	T	C	SAMD11	HGNC:28706	0.488372093	newGDX	published_in_31k	71687
ENSG00000187634.13	ENSG00000187634	chr1	942642	G	A	SAMD11	HGNC:28706	0.222222222	newGDX	published_in_31k	62439
ENSG00000187634.13	ENSG00000187634	chr1	943995	C	T	SAMD11	HGNC:28706	0.361111111	RUMC	published_in_31k	rumc_patient_1057
ENSG00000187634.13	ENSG00000187634	chr1	944164	G	C	SAMD11	HGNC:28706	0.442307692	GDX	published_in_31k	58790
ENSG00000188976.11	ENSG00000188976	chr1	945120	G	C	NOC2L	HGNC:24517	0.476923077	RUMC	published_in_31k	rumc_patient_735
ENSG00000188976.11	ENSG00000188976	chr1	948519	T	C	NOC2L	HGNC:24517	0.465116279	newGDX	published_in_31k	101279
ENSG00000188976.11	ENSG00000188976	chr1	952560	G	A	NOC2L	HGNC:24517	0.493449782	RUMC	published_in_31k	rumc_patient_1982
ENSG00000188976.11	ENSG00000188976	chr1	953120	G	A	NOC2L	HGNC:24517	0.461538462	DDD	noncoding	DDDP120445
ENSG00000188976.11	ENSG00000188976	chr1	953274	T	C	NOC2L	HGNC:24517	0.402877698	GDX	published_in_31k	11033
ENSG00000187961.15	ENSG00000187961	chr1	960735	C	T	KLHL17	HGNC:24023	0.488888889	GDX	published_in_31k	44478
ENSG00000187961.15	ENSG00000187961	chr1	961499	C	T	KLHL17	HGNC:24023	0.414529915	newGDX	published_in_31k	68156
ENSG00000187961.15	ENSG00000187961	chr1	961700	G	A	KLHL17	HGNC:24023	0.561797753	GDX	published_in_31k	7086
ENSG00000187961.15	ENSG00000187961	chr1	961901	C	G	KLHL17	HGNC:24023	0.376344086	GDX	published_in_31k	31490
ENSG00000187961.15	ENSG00000187961	chr1	962037	C	T	KLHL17	HGNC:24023	0.392156863	DDD	published_in_31k	DDDP110425
ENSG00000187961.15	ENSG00000187961	chr1	962377	A	T	KLHL17	HGNC:24023	0.416058394	DDD	published_in_31k	DDDP133164
ENSG00000187961.15	ENSG00000187961	chr1	964538	G	C	KLHL17	HGNC:24023	0.5	GDX	noncoding&in_segdup	16003
ENSG00000187961.15	ENSG00000187961	chr1	964563	G	C	KLHL17	HGNC:24023	0.322580645	newGDX	noncoding&in_segdup	102071
ENSG00000187961.15	ENSG00000187961	chr1	964563	G	C	KLHL17	HGNC:24023	0.459183673	newGDX	noncoding&in_segdup	107842
ENSG00000187961.15	ENSG00000187961	chr1	964563	G	C	KLHL17	HGNC:24023	0.775	newGDX	noncoding&in_segdup	110911
ENSG00000187961.15	ENSG00000187961	chr1	964580	T	C	KLHL17	HGNC:24023	0.37037037	newGDX	noncoding&in_segdup	102071
ENSG00000187961.15	ENSG00000187961	chr1	964580	T	C	KLHL17	HGNC:24023	0.479452055	newGDX	noncoding&in_segdup	107842
ENSG00000187961.15	ENSG00000187961	chr1	965018	G	A	KLHL17	HGNC:24023	0.483870968	GDX	published_in_31k	56482
ENSG00000187583.11	ENSG00000187583	chr1	970432	C	T	PLEKHN1	HGNC:25284	0.476190476	GDX	noncoding	5339
ENSG00000187583.11	ENSG00000187583	chr1	970582	C	T	PLEKHN1	HGNC:25284	0.438596491	DDD	published_in_31k	DDDP124162
ENSG00000187583.11	ENSG00000187583	chr1	970721	G	A	PLEKHN1	HGNC:25284	0.692307692	DDD	published_in_31k	DDDP102582
ENSG00000187583.11	ENSG00000187583	chr1	970725	G	A	PLEKHN1	HGNC:25284	0.181818182	DDD	published_in_31k	DDDP105924
ENSG00000187583.11	ENSG00000187583	chr1	972245	G	A	PLEKHN1	HGNC:25284	0.419354839	DDD	noncoding	DDDP110826
ENSG00000187583.11	ENSG00000187583	chr1	973023	G	A	PLEKHN1	HGNC:25284	0.407407407	newGDX	noncoding	107403
ENSG00000187583.11	ENSG00000187583	chr1	974002	G	A	PLEKHN1	HGNC:25284	0.574074074	newGDX	published_in_31k	91993
ENSG00000187642.10	ENSG00000187642	chr1	978934	G	T	PERM1	HGNC:28208	0.446153846	GDX	published_in_31k	52864
ENSG00000187642.10	ENSG00000187642	chr1	981131	C	T	PERM1	HGNC:28208	0.25	DDD	noncoding	DDDP136364
ENSG00000188290.11	ENSG00000188290	chr1	999011	G	A	HES4	HGNC:24149	0.418604651	DDD	noncoding	DDDP100663
ENSG00000187608.10	ENSG00000187608	chr1	1014444	G	A	ISG15	HGNC:4053	0.507042254	GDX	published_in_31k	49841
ENSG00000188157.15	ENSG00000188157	chr1	1035270	C	T	AGRN	HGNC:329	0.615384615	newGDX	noncoding	106180
ENSG00000188157.15	ENSG00000188157	chr1	1041154	G	A	AGRN	HGNC:329	0.619047619	GDX	noncoding	13955
ENSG00000188157.15	ENSG00000188157	chr1	1043954	G	A	AGRN	HGNC:329	0.459558824	GDX	published_in_31k	44410
ENSG00000188157.15	ENSG00000188157	chr1	1044178	G	A	AGRN	HGNC:329	0.551020408	GDX	published_in_31k	6673
ENSG00000188157.15	ENSG00000188157	chr1	1045515	G	A	AGRN	HGNC:329	0.509433962	GDX	published_in_31k	27118
ENSG00000188157.15	ENSG00000188157	chr1	1045785	G	A	AGRN	HGNC:329	0.442622951	newGDX	published_in_31k	88401
ENSG00000188157.15	ENSG00000188157	chr1	1046588	G	A	AGRN	HGNC:329	0.405405405	GDX	published_in_31k	28702
ENSG00000188157.15	ENSG00000188157	chr1	1046923	G	A	AGRN	HGNC:329	0.275862069	DDD	published_in_31k	DDDP116007
ENSG00000188157.15	ENSG00000188157	chr1	1047659	C	A	AGRN	HGNC:329	0.453125	newGDX	published_in_31k	77167
ENSG00000188157.15	ENSG00000188157	chr1	1048944	C	T	AGRN	HGNC:329	0.333333333	GDX	published_in_31k	19629
ENSG00000188157.15	ENSG00000188157	chr1	1049604	G	A	AGRN	HGNC:329	0.548262548	GDX	published_in_31k	45087
ENSG00000188157.15	ENSG00000188157	chr1	1050046	C	T	AGRN	HGNC:329	0.363636364	newGDX	noncoding	99328
ENSG00000188157.15	ENSG00000188157	chr1	1050047	G	A	AGRN	HGNC:329	0.6	newGDX	noncoding	109244
ENSG00000188157.15	ENSG00000188157	chr1	1050462	G	A	AGRN	HGNC:329	0.463414634	newGDX	published_in_31k	102399
ENSG00000188157.15	ENSG00000188157	chr1	1051380	G	A	AGRN	HGNC:329	0.5	DDD	noncoding	DDDP114396
ENSG00000188157.15	ENSG00000188157	chr1	1054844	G	T	AGRN	HGNC:329	0.454545455	newGDX	published_in_31k	94720
ENSG00000131591.18	ENSG00000131591	chr1	1084337	C	T	C1orf159	HGNC:26062	0.50952381	GDX	published_in_31k	53625
ENSG00000131591.18	ENSG00000131591	chr1	1085990	G	A	C1orf159	HGNC:26062	0.647058824	DDD	published_in_31k	DDDP109855
ENSG00000131591.18	ENSG00000131591	chr1	1091456	T	A	C1orf159	HGNC:26062	0.48	DDD	noncoding	DDDP116047
ENSG00000162571.14	ENSG00000162571	chr1	1179319	G	T	TTLL10	HGNC:26693	0.413793103	newGDX	published_in_31k	97995
ENSG00000162571.14	ENSG00000162571	chr1	1179324	C	T	TTLL10	HGNC:26693	0.405063291	newGDX	published_in_31k	90262
ENSG00000162571.14	ENSG00000162571	chr1	1179616	C	G	TTLL10	HGNC:26693	0.435897436	newGDX	noncoding	112691
ENSG00000162571.14	ENSG00000162571	chr1	1179657	G	A	TTLL10	HGNC:26693	0.475609756	GDX	published_in_31k	41929
ENSG00000162571.14	ENSG00000162571	chr1	1179749	C	T	TTLL10	HGNC:26693	0.6	GDX	noncoding	37176
ENSG00000162571.14	ENSG00000162571	chr1	1180135	C	G	TTLL10	HGNC:26693	0.606741573	GDX	published_in_31k	10497
ENSG00000162571.14	ENSG00000162571	chr1	1180386	G	A	TTLL10	HGNC:26693	0.461538462	DDD	noncoding	DDDP138411
ENSG00000162571.14	ENSG00000162571	chr1	1182826	C	T	TTLL10	HGNC:26693	0.542372881	GDX	noncoding	30496
ENSG00000162571.14	ENSG00000162571	chr1	1183046	A	G	TTLL10	HGNC:26693	0.428571429	DDD	published_in_31k	DDDP134170
ENSG00000162571.14	ENSG00000162571	chr1	1184019	C	A	TTLL10	HGNC:26693	0.496	newGDX	published_in_31k	79172
ENSG00000162571.14	ENSG00000162571	chr1	1197681	C	T	TTLL10	HGNC:26693	0.384615385	DDD	published_in_31k	DDDP131207
ENSG00000186891.14	ENSG00000186891	chr1	1204155	T	C	TNFRSF18	HGNC:11914	0.417582418	RUMC	published_in_31k	rumc_patient_1525
ENSG00000186891.14	ENSG00000186891	chr1	1205411	C	T	TNFRSF18	HGNC:11914	0.411290323	GDX	published_in_31k	48216
ENSG00000186827.12	ENSG00000186827	chr1	1211537	C	T	TNFRSF4	HGNC:11918	0.368421053	GDX	noncoding	27253
ENSG00000186827.12	ENSG00000186827	chr1	1211933	C	T	TNFRSF4	HGNC:11918	0.486486486	DDD	noncoding	DDDP122009
ENSG00000186827.12	ENSG00000186827	chr1	1212199	T	C	TNFRSF4	HGNC:11918	0.538461538	DDD	noncoding	DDDP132228
ENSG00000186827.12	ENSG00000186827	chr1	1214094	G	A	TNFRSF4	HGNC:11918	0.568181818	GDX	published_in_31k	24107
ENSG00000078808.20	ENSG00000078808	chr1	1218885	G	A	SDF4	HGNC:24188	0.509803922	DDD	published_in_31k	DDDP131419
ENSG00000176022.7	ENSG00000176022	chr1	1232683	G	T	B3GALT6	HGNC:17978	0.438709677	newGDX	published_in_31k	58178
ENSG00000184163.3	ENSG00000184163	chr1	1244316	C	T	C1QTNF12	HGNC:32308	0.28	DDD	noncoding	DDDP121656
ENSG00000184163.3	ENSG00000184163	chr1	1244512	C	T	C1QTNF12	HGNC:32308	0.457627119	GDX	noncoding	46248
ENSG00000160087.21	ENSG00000160087	chr1	1263377	G	A	UBE2J2	HGNC:19268	0.347222222	newGDX	published_in_31k	98568
ENSG00000162572.21	ENSG00000162572	chr1	1282294	T	C	SCNN1D	HGNC:10601	0.533333333	DDD	published_in_31k	DDDP138905
ENSG00000162572.21	ENSG00000162572	chr1	1283953	C	T	SCNN1D	HGNC:10601	0.4375	GDX	noncoding	31644
ENSG00000162572.21	ENSG00000162572	chr1	1287770	G	A	SCNN1D	HGNC:10601	0.40625	DDD	published_in_31k	DDDP115769
ENSG00000162572.21	ENSG00000162572	chr1	1290221	C	T	SCNN1D	HGNC:10601	0.492537313	newGDX	noncoding&in_segdup	61636
ENSG00000162572.21	ENSG00000162572	chr1	1290225	T	A	SCNN1D	HGNC:10601	0.6875	newGDX	noncoding&in_segdup	68221
ENSG00000162572.21	ENSG00000162572	chr1	1290237	A	G	SCNN1D	HGNC:10601	0.571428571	newGDX	noncoding&in_segdup	68221
ENSG00000162572.21	ENSG00000162572	chr1	1290374	G	A	SCNN1D	HGNC:10601	0.467741935	DDD	published_in_31k	DDDP127656
ENSG00000162572.21	ENSG00000162572	chr1	1290537	G	A	SCNN1D	HGNC:10601	0.46969697	DDD	published_in_31k	DDDP113450
ENSG00000162572.21	ENSG00000162572	chr1	1291244	C	G	SCNN1D	HGNC:10601	0.5	GDX	noncoding	35439
ENSG00000162572.21	ENSG00000162572	chr1	1291310	C	G	SCNN1D	HGNC:10601	0.422222222	newGDX	published_in_31k	72245
ENSG00000162572.21	ENSG00000162572	chr1	1291310	C	T	SCNN1D	HGNC:10601	0.5	RUMC	published_in_31k	rumc_patient_994
ENSG00000131584.19	ENSG00000131584	chr1	1293542	C	G	ACAP3	HGNC:16754	0.5625	DDD	noncoding	DDDP120528
ENSG00000131584.19	ENSG00000131584	chr1	1293725	C	T	ACAP3	HGNC:16754	0.58490566	newGDX	noncoding	72647
ENSG00000131584.19	ENSG00000131584	chr1	1294045	A	T	ACAP3	HGNC:16754	0.476190476	newGDX	noncoding	84141
ENSG00000131584.19	ENSG00000131584	chr1	1298557	G	T	ACAP3	HGNC:16754	0.307692308	newGDX	noncoding	74205
ENSG00000131584.19	ENSG00000131584	chr1	1298775	T	G	ACAP3	HGNC:16754	0.517241379	DDD	noncoding	DDDP128455
ENSG00000131584.19	ENSG00000131584	chr1	1307470	G	A	ACAP3	HGNC:16754	0.615384615	DDD	noncoding	DDDP137437
ENSG00000131584.19	ENSG00000131584	chr1	1308988	C	G	ACAP3	HGNC:16754	0.416666667	DDD	noncoding	DDDP117386
ENSG00000169972.12	ENSG00000169972	chr1	1308655	G	A	PUSL1	HGNC:26914	0.461538462	GDX	published_in_31k	56141
ENSG00000169972.12	ENSG00000169972	chr1	1309662	G	A	PUSL1	HGNC:26914	0.445945946	newGDX	noncoding	94313
ENSG00000169972.12	ENSG00000169972	chr1	1310679	G	A	PUSL1	HGNC:26914	0.571428571	GDX	published_in_31k	28502
ENSG00000169972.12	ENSG00000169972	chr1	1310947	G	A	PUSL1	HGNC:26914	0.5	newGDX	published_in_31k	115221
ENSG00000169972.12	ENSG00000169972	chr1	1310951	G	A	PUSL1	HGNC:26914	0.476923077	GDX	published_in_31k	8685
ENSG00000169972.12	ENSG00000169972	chr1	1310965	C	A	PUSL1	HGNC:26914	0.532374101	GDX	published_in_31k	14520
