gene_id	chrom	pos	ref	alt	region_type	transcript_in_dbnsfp	AlphaMissense_score
ENSG00000186092.7	chr1	65518	A	T	splice		
ENSG00000186092.7	chr1	65549	G	T	UTR		
ENSG00000186092.7	chr1	65565	A	T	start	True	.
ENSG00000186092.7	chr1	65569	A	T	exon	True	0.1732
ENSG00000186092.7	chr1	65585	C	A	intron		
ENSG00000186092.7	chr1	65585	C	A	intron		
ENSG00000186092.7	chr1	69175	G	T	exon	True	.
ENSG00000186092.7	chr1	69181	AT	A	exon		
ENSG00000186092.7	chr1	69402	G	A	exon		
ENSG00000186092.7	chr1	69486	C	A	exon	True	0.083
ENSG00000186092.7	chr1	69552	G	GGAC	exon		
